{"n_estimators": 250, "learning_rate": 0.16787519093314812, "max_depth": 7, "subsample": 0.8413149403890899, "colsample_bytree": 0.9206075463459951}